"Locus","Name","Seq"
"B","219-a","TCAGTCTCTCTTTCTCCTTGCAGATAGATGATAAATAGATAGATATAGATAGATACATGATAGATTAGATAGATAGATATAGATGATAGATAGATAGACGATAGATAGATAGATAGATAAACGGATAGATAGATGGGTAGACAGACAGATCTCCATTTACATCTTTTATCTCTCCTCTCTTCCTAATACAATTCACACCAACAGGACCACAGGCTCCTA"
"C","177-a","GAGAACAGACCCCCAAATCTCTGCAGGACAACTCATAAGAGTGGCTTTCAATATTTTTTCGTCATGACTAAGAGTAAGAAATACCATTTTTCATCATGTCCCAGGAGATAGATAGATAGATAGATAGATAGATAGATAGATAGATAGATCTGTGCATGCACATAGTAAAACTGAAAT"
"C","193-b","GAGAACAGACCCCCAAATCTCTGCAGGACAACTCATAAGAGTGGCTTTCAATATTTTTTCGTCATGACTAAGAGTAAGAAATACCATTTTTCATCATGTCCCAGGAGATAAATAGATAGATAGATAGATAGATAGATAGATAGATAGATAGATAGATAGATAGATCTGTGCATGCACATAGTAAAACTGAAAT"
"D","289-a","TCAGAGGACCACTGCCTAAGGAATTCACTCACGGAGCATACATATATAAGTATATGCTCTATCTCTATCTATCATTATCTATCTACCTGCCTACCTATCTATTGATTATCTATATCTATCTGTCTATCTATCTATCTATTATCTATCTATCTATCTATCTATCTATCTATCTATCTATCTATCTTTAAGATGGCTTAAGGATGGCCACCTTCTTGCTATGTCCTTGTGTGGCTGTGAAAAGAAGCTCTGGTGTTTCTTGCTCTTCTTATATAGGCACAAATCCCATCAG"
"D","296-a","TCAGAGGACCACTGCCTAAGGAATTCACTCACGGAGCATACATATATAAGTATATGCTCTATCTCTATCTATCATTATCTATCTACCTGCCTACCTATCTATTGATTATCTATATCTATCTGTCTATCTATCTATCTATCATCTATCTATCTATCTATCTATCTATCTATCATCTATCTATCTATCTATCTTTAAGATGGCTTAAGGATGGCCACCTTCTTGCTATGTCCTTGTGTGGCTGTGAAAAGAAGCTCTGGTGTTTCTTGCTCTTCTTATATAGGCACAAATCCCATCAG"
"1","255-b","AGACAGTCAAGAATAACTGCCCTAAAATAATAAGAAAGCTGAATCAATTAATTGGAATGTCTATCTCACTATCTATCTATGTGTCTATCTATCTATCTATCTATCTATCTATCTATCTATCTATCTATCTATCATCTATCATCTATCTATCTATCTATCTATCTATCTATCTATCTATCTATCTGTGTATTAGCTCAGAAGAATTCCCTTTGGAAATTGTCATGTTATCCCATTCATTCAGCTTTTGAGCCACAG"
"1","262-a","AGACAGTCAAGAATAACTGCCCTAAAATAATAAGAAAGCTGAATCAATTAATTGGAATGTCTATCTCACTATCTATCTATGTGTCTATCTATCTATCTATCTATCTATCTATCTATCTATCTATCTATCATCTATCATCTATCTATCTATCTATCTATCTATCTATCTATCTATCTATCATCTATCTATCTGTGTATTAGCTCAGAAGAATTCCCTTTGGAAATTGTCATGTTATCCCATTCATTCAGCTTTTGAGCCACAG"
"2","330-b","CTTTGTCTCCCCAGTTGCTACTTCACTCCATCATTTGCTTGATCGATCGAGCTATCTATCTATCTATCTATCTATCTATCTATCTATCTATCTATCTATCCATCCATCCATCCATCCATCCATCTATTCATCCATCCATCTATTAATATCATCTATGTATCAAATGCTTCCAAATACATAATATACATGATACAGTCAGAAAAAGCAGAAAGTTTAAAGATTGAGTGTGATTATAGACATATCTATCTATTCAGAAACAAAATGGATTCAGAATCATTACAACTCTCACTGTGTAGTGGAATTGATTAGTTGCAGACGGTTTATGACAGA"
"2","338-a","CTTTGTCTCCCCAGTTGCTACTTCACTCCATCATTTGCTTGATCGATCGAGCTATCTATCTATCTATCTATCTATCTATCTATCTATCTATCTATCTATCTATCTATCCATCCATCCATCCATCCATCCATCTATTCATCCATCCATCTATTAATATCATCTATGTATCAAATGCTTCCAAATACATAATATACATGATACAGTCAGAAAAAGCAGAAAGTTTAAAGATTGAGTGTGATTATAGACATATCTATCTATTCAGAAACAAAATGGATTCAGAATCATTACAACTCTCACTGTGTAGTGGAATTGATTAGTTGCAGACGGTTTATGACAGA"
"3","222-c","AGCATTAGCATTTGTCCTGGTTTTATCATATTGCAGACAAAGGAAGTTTGAAATATTGCTTAAGACTTTCCCTGAGATAGATAGATAGATAGATAGATAGATAGATAGATAGATAGATAGATGATAGATAGATAGATAGATAGATAGATATAGAGATATAGACATATATACTTTATGTTTTTTTGTTGTTTGTGTTTTTCAGGAGGGGGAGTCAGGTTAGTC"
"3","226-c","AGCATTAGCATTTGTCCTGGTTTTATCATATTGCAGACAAAGGAAGTTTGAAATATTGCTTAAGACTTTCCCTGAGATAGATAGATAGATAGATAGATAGATAGATAGATAGATAGATGATAGATAGATAGATAGATAGATAGATAGATAGATATAGAGATATAGACATATATACTTTATGTTTCTTTGTTGTTTGTGTTTTTCAGGAGGGGGAGTCAGGTTAGTC"
