"Locus","Name","Seq","Count"
"A","177-a","ATTATCACTGGTGTTAGTCCTCTGTATTATTCAGGATTCTCCAGACAAATGGAACCCATAGGATGGATGGATAGATAGATAGATAGATAGATAGATAGATAGATAGATAGATAGATAGATAGACAGACAGACAGATAGAAAGTGATATGTTATGAAGGACTGGCTCACACAACTGTG",10
"A","173-a","ATTATCACTGGTGTTAGTCCTCTGTATTATTCAGGATTCTCCAGACAAATGGAACCCATAGGATGGATGGATAGATAGATAGATAGATAGATAGATAGATAGATAGATAGATAGATAGACAGACAGACAGATAGAAAGTGATATGTTATGAAGGACTGGCTCACACAACTGTG",37
"A","161-a","ATTATCACTGGTGTTAGTCCTCTGTATTATTCAGGATTCTCCAGACAAATGGAACCCATAGGATGGATGGATAGATAGATAGATAGATAGATAGATAGATAGATAGATAGACAGACAGATAGAAAGTGATATGTTATGAAGGACTGGCTCACACAACTGTG",56
"A","157-a","ATTATCACTGGTGTTAGTCCTCTGTATTATTCAGGATTCTCCAGACAAATGGAACCCATAGGATGGATAGATAGATAGATAGATAGATAGATAGATAGATAGATAGATAGACAGATAGAAAGTGATATGTTATGAAGGACTGGCTCACACAACTGTG",21
"A","157-b","ATTATCACTGGTGTTAGTCCTCTGTATTATTCAGGATTCTCCAGACAAATGGAACCCATAGGATGGATGGATAGATAGATAGATAGATAGATAGATAGATAGATAGACAGACAGATAGAAAGTGATATGTTATGAAGGACTGGCTCACACAACTGTG",3
"A","153-a","ATTATCACTGGTGTTAGTCCTCTGTATTATTCAGGATTCTCCAGACAAATGGAACCCATAGGATGGATAGATAGATAGATAGATAGATAGATAGATAGATAGATAGACAGATAGAAAGTGATATGTTATGAAGGACTGGCTCACACAACTGTG",21
"A","141-a","ATTATCACTGGTGTTAGTCCTCTGTATTATTCAGGATTCTCCAGACAAATGGAACCCATAGGATGGATAGATAGATAGATAGATAGATAGATAGACAGATAGAAAGTGATATGTTATGAAGGACTGGCTCACACAACTGTG",98
"B","235-a","TCAGTCTCTCTTTCTCCTTGCAGATAGATGATAAATAGATAGATATAGATAGATACATGATAGATTAGATAGATAGATATAGATGATAGATAGATAGATAGATGATAGATAGATAGATAGATAGATAGATAGATAAACGGATAGATAGATGGGTAGACAGACAGATCTCCATTTACATCTTTTATCTCTCCTCTCTTCCTAATACAATTCACACCAACAGGACCACAGGCTCCTA",60
"B","231-a","TCAGTCTCTCTTTCTCCTTGCAGATAGATGATAAATAGATAGATATAGATAGATACATGATAGATTAGATAGATAGATATAGATGATAGATAGATAGATAGATGATAGATAGATAGATAGATAGATAGATAAACGGATAGATAGATGGGTAGACAGACAGATCTCCATTTACATCTTTTATCTCTCCTCTCTTCCTAATACAATTCACACCAACAGGACCACAGGCTCCTA",26
"B","231-b","TCAGTCTCTCTTTCTCCTTGCAGATAGATGATAAATAGATAGATATAGATAGATACATGATAGATTAGATAGATAGATATAGATGATAGATAGATAGATAGACGATAGATAGATAGATAGATAGATAGATAAACGGATAGATAGATGGGTAGACAGACAGATCTCCATTTACATCTTTTATCTCTCCTCTCTTCCTAATACAATTCACACCAACAGGACCACAGGCTCCTA",2
"B","204-a","TCAGTCTCTCTTTCTCCTTGCAGATAGATGATAGATTAGATAGATAGATAGATAGATAGATAGATAGATAGATAGATAGATAGATGATGATAGATAGATAGATAAATGGATAGATAGATGGGTAGACAGATAGATCTCCATTTACATCTTTTATCTCTCCTCTCTTCCTAATACAATTCACACCAACAGGACCACAGGCTCCTA",14
"B","203-a","TCAGTCTCTCTTTCTCCTTGCAGATAGATGATAGATTAGATAGATAGATAGATAGATAGATGATAGATAGATAGATAGATAGATGATGATAGATAGATAGATAAATGGATAGATAGATGGGTAGACAGATAGATCTCCATTTACATCTTTTATCTCTCCTCTCTTCCTAATACAATTCACACCAACAGGACCACAGGCTCCTA",41
"B","200-a","TCAGTCTCTCTTTCTCCTTGCAGATAGATGATAGATTAGATAGATAGATAGATAGATAGATAGATAGATAGATAGATAGATGATGATAGATAGATAGATAAATGGATAGATAGATGGGTAGACAGATAGATCTCCATTTACATCTTTTATCTCTCCTCTCTTCCTAATACAATTCACACCAACAGGACCACAGGCTCCTA",54
"B","196-a","TCAGTCTCTCTTTCTCCTTGCAGATAGATGATAGATTAGATAGATAGATAGATAGATAGATAGATAGATAGATAGATGATGATAGATAGATAGATAAATGGATAGATAGATGGGTAGACAGATAGATCTCCATTTACATCTTTTATCTCTCCTCTCTTCCTAATACAATTCACACCAACAGGACCACAGGCTCCTA",49
"C","193-a","GAGAACAGACCCCCAAATCTCTGCAGGACAACTCATAAGAGTGGCTTTCAATATTTTTTCATCATGACTAAGAGTAAGAAATACCATTTTTCATCATGTCCCAGGAGATAAATAGATAGATAGATAGATAGATAGATAGATAGATAGATAGATAGATAGATAGATCTGTGCATGCACATAGTAAAACTGAAAT",16
"C","189-a","GAGAACAGACCCCCAAATCTCTGCAGGACAACTCATAAGAGTGGCTTTCAATATTTTTTCGTCATGACTAAGAGTAAGAAATACCATTTTTCATCATGTCCCAGGAGATAAATAGATAGATAGATAGATAGATAGATAGATAGATAGATAGATAGATAGATCTGTGCATGCACATAGTAAAACTGAAAT",65
"C","189-b","GAGAACAGACCCCCAAATCTCTGCAGGACAACTCATAAGAGTGGCTTTCAATATTTTTTCATCATGACTAAGAGTAAGAAATACCATTTTTCATCATGTCCCAGGAGATAAATAGATAGATAGATAGATAGATAGATAGATAGATAGATAGATAGATAGATCTGTGCATGCACATAGTAAAACTGAAAT",35
"C","185-a","GAGAACAGACCCCCAAATCTCTGCAGGACAACTCATAAGAGTGGCTTTCAATATTTTTTCGTCATGACTAAGAGTAAGAAATACCATTTTTCATCATGTCCCAGGAGATAAATAGATAGATAGATAGATAGATAGATAGATAGATAGATAGATAGATCTGTGCATGCACATAGTAAAACTGAAAT",19
"C","185-b","GAGAACAGACCCCCAAATCTCTGCAGGACAACTCATAAGAGTGGCTTTCAATATTTTTTCATCATGACTAAGAGTAAGAAATACCATTTTTCATCATGTCCCAGGAGATAAATAGATAGATAGATAGATAGATAGATAGATAGATAGATAGATAGATCTGTGCATGCACATAGTAAAACTGAAAT",20
"C","185-c","GAGAACAGACCCCCAAATCTCTGCAGGACAACTCATAAGAGTGGCTTTCAATATTTTTTCATCATGACTAAGAGTAAGAAATACCATTTTTCATCATGTCCCAGGAGATAGATAGATAGATAGATAGATAGATAGATAGATAGATAGATAGATAGATCTGTGCATGCACATAGTAAAACTGAAAT",11
"C","181-a","GAGAACAGACCCCCAAATCTCTGCAGGACAACTCATAAGAGTGGCTTTCAATATTTTTTCGTCATGACTAAGAGTAAGAAATACCATTTTTCATCATGTCCCAGGAGATAAATAGATAGATAGATAGATAGATAGATAGATAGATAGATAGATCTGTGCATGCACATAGTAAAACTGAAAT",10
"C","181-b","GAGAACAGACCCCCAAATCTCTGCAGGACAACTCATAAGAGTGGCTTTCAATATTTTTTCATCATGACTAAGAGTAAGAAATACCATTTTTCATCATGTCCCAGGAGATAAATAGATAGATAGATAGATAGATAGATAGATAGATAGATAGATCTGTGCATGCACATAGTAAAACTGAAAT",1
"C","180-a","GAGAACAGACCCCCAAATCTCTGCAGGACAACTCATAAGAGTGGCTTTCAATATTTTTTCATCATGACTAAGAGTAAGAAATACCATTTTTCATCATGTCCCAGGAGATAAATAGATAGATAGATGATAGATAGATAGATAGATAGATAGATCTGTGCATGCACATAGTAAAACTGAAAT",62
"C","157-a","GAGAACAGACCCCCAAATCTCTGCAGGACAACTCATAAGAGTGGCTTTCAATATTTTTTCATCATGACTAAGAGTAAGAAATACCATTTTTCATCATGTCCCAGGAGATAAATAGATAGATAGATAGATCTGTGCATGCACATAGTAAAACTGAAAT",7
"D","305-a","TCAGAGGACCACTGCCTAAGGAATTCACTCACGGAGCATACATATATAAGTATATGCTCTATCTCTATCTATCATTATCTATCTACCTGCCTACCTATCTATTGATTATCTATATCTATCTGTCTATCTATCTATCTATTATCTATCTATCTATCTATCTATCTATCTATCTATCTATCTATCTATCTATCTATCTATCTTTAAGATGGCTTAAGGATGGCCACCTTCTTGCTATGTCCTTGTGTGGCTGTGAAAAGAAGCTCTGGTGTTTCTTGCTCTTCTTATATAGGCACAAATCCCATCAG",20
"D","305-b","TCAGAGGACCACTGCCTAAGGAATTCACTCACGGAGCATACATATATAAGTATATGCTCTATCTCTATCTATCATTATCTATCTACCTGCCTACCTATCTATTGATTATCTATATCTATCTGTCTATCTATCTATCTATCATCTATCTATCTATCTATCTATCTATCTATCTATCTATCTATCTATCTATCTATCTATCTTTAAGATGGCTTAAGGATGGCCACCTTCTTGCTATGTCCTTGTGTGGCTGTGAAAAGAAGCTCTGGTGTTTCTTGCTCTTCTTATATAGGCACAAATCCCATCAG",11
"D","301-a","TCAGAGGACCACTGCCTAAGGAATTCACTCACGGAGCATACATATATAAGTATATGCTCTATCTCTATCTATCATTATCTATCTACCTGCCTACCTATCTATTGATTATCTATATCTATCTGTCTATCTATCTATCTATTATCTATCTATCTATCTATCTATCTATCTATCTATCTATCTATCTATCTATCTATCTTTAAGATGGCTTAAGGATGGCCACCTTCTTGCTATGTCCTTGTGTGGCTGTGAAAAGAAGCTCTGGTGTTTCTTGCTCTTCTTATATAGGCACAAATCCCATCAG",68
"D","301-b","TCAGAGGACCACTGCCTAAGGAATTCACTCACGGAGCATACATATATAAGTATATGCTCTATCTCTATCTATCATTATCTATCTACCTGCCTACCTATCTATTGATTATCTATATCTATCTGTCTATCTATCTATCATCTATCTATCTATCTATCTATCTATCTATCTATCTATCTATCTATCTATCTATCTATCTTTAAGATGGCTTAAGGATGGCCACCTTCTTGCTATGTCCTTGTGTGGCTGTGAAAAGAAGCTCTGGTGTTTCTTGCTCTTCTTATATAGGCACAAATCCCATCAG",7
"D","300-a","TCAGAGGACCACTGCCTAAGGAATTCACTCACGGAGCATACATATATAAGTATATGCTCTATCTCTATCTATCATTATCTATCTACCTGCCTACCTATCTATTGATTATCTATATCTATCTGTCTATCTATCTATCTATCATCTATCTATCTATCTATCTATCTATCTATCTATCATCTATCTATCTATCTATCTTTAAGATGGCTTAAGGATGGCCACCTTCTTGCTATGTCCTTGTGTGGCTGTGAAAAGAAGCTCTGGTGTTTCTTGCTCTTCTTATATAGGCACAAATCCCATCAG",14
"D","297-a","TCAGAGGACCACTGCCTAAGGAATTCACTCACGGAGCATACATATATAAGTATATGCTCTATCTCTATCTATCATTATCTATCTACCTGCCTACCTATCTATTGATTATCTATATCTATCTGTCTATCTATCTATCTATTATCTATCTATCTATCTATCTATCTATCTATCTATCTATCTATCTATCTATCTTTAAGATGGCTTAAGGATGGCCACCTTCTTGCTATGTCCTTGTGTGGCTGTGAAAAGAAGCTCTGGTGTTTCTTGCTCTTCTTATATAGGCACAAATCCCATCAG",27
"D","297-b","TCAGAGGACCACTGCCTAAGGAATTCACTCACGGAGCATACATATATAAGTATATGCTCTATCTCTATCTATCATTATCTATCTACCTGCCTACCTATCTATTGATTATCTATATCTATCTGTCTATCTATCTATCATCTATCTATCTATCTATCTATCTATCTATCTATCTATCTATCTATCTATCTATCTTTAAGATGGCTTAAGGATGGCCACCTTCTTGCTATGTCCTTGTGTGGCTGTGAAAAGAAGCTCTGGTGTTTCTTGCTCTTCTTATATAGGCACAAATCCCATCAG",8
"D","297-c","TCAGAGGACCACTGCCTAAGGAATTCACTCACGGAGCATACATATATAAGTATATGCTCTATCTCTATCTATCATTATCTATCTACCTGCCTACCTATCTATTGATTATCTATATCTATCTGTCTATCTATCTATCTATCATCTATCTATCTATCTATCTATCTATCTATCTATCTATCTATCTATCTATCTTTAAGATGGCTTAAGGATGGCCACCTTCTTGCTATGTCCTTGTGTGGCTGTGAAAAGAAGCTCTGGTGTTTCTTGCTCTTCTTATATAGGCACAAATCCCATCAG",7
"D","293-a","TCAGAGGACCACTGCCTAAGGAATTCACTCACGGAGCATACATATATAAGTATATGCTCTATCTCTATCTATCATTATCTATCTACCTGCCTACCTATCTATTGATTATCTATATCTATCTGTCTATCTATCTATCTATTATCTATCTATCTATCTATCTATCTATCTATCTATCTATCTATCTATCTTTAAGATGGCTTAAGGATGGCCACCTTCTTGCTATGTCCTTGTGTGGCTGTGAAAAGAAGCTCTGGTGTTTCTTGCTCTTCTTATATAGGCACAAATCCCATCAG",17
"D","288-a","TCAGAGGACCACTGCCTAAGGAATTCACTCACGGAGCATACATATATAAGTATATGCTCTATCTCTATCTATCATTATCTATCTACCTGCCTACCTATCTATTGATTATCTATATCTATCTGTCTATCTATCTATCTATCATCTATCTATCTATCTATCTATCTATCATCTATCTATCTATCTTTAAGATGGCTTAAGGATGGCCACCTTCTTGCTATGTCCTTGTGTGGCTGTGAAAAGAAGCTCTGGTGTTTCTTGCTCTTCTTATATAGGCACAAATCCCATCAG",18
"D","285-a","TCAGAGGACCACTGCCTAAGGAATTCACTCACGGAGCATACATATATAAGTATATGCTCTATCTCTATCTATCATTATCTATCTACCTGCCTACCTATCTATTGATTATCTATATCTATCTGTCTATCTATCTATTATCTATCTATCTATCTATCTATCTATCTATCTATCTATCTATCTTTAAGATGGCTTAAGGATGGCCACCTTCTTGCTATGTCCTTGTGTGGCTGTGAAAAGAAGCTCTGGTGTTTCTTGCTCTTCTTATATAGGCACAAATCCCATCAG",8
"D","284-a","TCAGAGGACCACTGCCTAAGGAATTCACTCACGGAGCATAGATATATAAGTATATGCTCTATCTCTATCTATCATTATCTATCTACCTGCCTACCTATCTATTGATTATCTATATCTATCTATCTATCTATCTATCATCTATCTATCTATCTATCTATCTATCATCTATCTATCTATCTTTAAGATGGCTTAAGGATGGCCACCTTCTTGCTATGTCCTTGTGTGGCTGTGAAAAGAAGCTCTGGTGTTTCTTGCTCTTCTTATATAGGCACAAATCCCATCAG",27
"D","267-a","TCAGAGGACCACTGCCTAAGGAATTCACTCACGGAGCATACATATATAAGTATATGCTCTATCTCTATCTATCATTATCTATCTACCTGCCTACCTATCTATTGATTATCTATATCTATCTGTCTATCTATCTATCTATTATCTATCTATCTATCTATCTATCTAAGATGGCTTAAGGATGGCCACCTTCTTGCTATGTCCTTGTGTGGCTGTGAAAAGAAGCTCTGGTGTTTCTTGCTCTTCTTATATAGGCACAAATCCCATCAG",14
"1","266-a","AGACAGTCAAGAATAACTGCCCTAAAATAATAAGAAAGCTGAATCAATTAATTGGAATGTCTATCTCACTATCTATCTATGTGTCTATCTATCTATCTATCTATCTATCTATCTATCTATCTATCATCTATCATCTATCTATCTATCTATCTATCTATCTATCTATCTATCTATCTATCTATCATCTATCTATCTGTGTATTAGCTCAGAAGAATTCCCTTTGGAAATTGTCATGTTATCCCATTCATTCAGCTTTTGAGCCACAG",7
"1","266-b","AGACAGTCAAGAATAACTGCCCTAAAATAATAAGAAAGCTGAATCAATTAATTGGAATGTCTATCTCACTATCTATCTATGTGTCTATCTATCTATCTATCTATCTATCTATCTATCTATCTATCTATCATCTATCATCTATCTATCTATCTATCTATCTATCTATCTATCTATCTATCTATCATCTATCTATCTGTGTATTAGCTCAGAAGAATTCCCTTTGGAAATTGTCATGTTATCCCATTCATTCAGCTTTTGAGCCACAG",2
"1","263-a","AGACAGTCAAGAATAACTGCCCTAAAATAATAAGAAAGCTGAATCAATTAATTGGAATGTCTATCTCACTATCTATCTATGTGTCTATCTATCTATCTATCTATCTATCTATCTATCTATCTATCTATCTATCTATCTATCATCTATCATCTATCTATCTATCTATCTATCTATCTATCTATCTATCTATCTGTGTATTAGCTCAGAAGAATTCCCTTTGGAAATTGTCATGTTATCCCATTCATTCAGCTTTTGAGCCACAG",5
"1","259-a","AGACAGTCAAGAATAACTGCCCTAAAATAATAAGAAAGCTGAATCAATTAATTGGAATGTCTATCTCACTATCTATCTATGTGTCTATCTATCTATCTATCTATCTATCTATCTATCTATCTATCTATCTATCTATCATCTATCATCTATCTATCTATCTATCTATCTATCTATCTATCTATCTATCTGTGTATTAGCTCAGAAGAATTCCCTTTGGAAATTGTCATGTTATCCCATTCATTCAGCTTTTGAGCCACAG",46
"1","258-a","AGACAGTCAAGAATAACTGCCCTAAAATAATAAGAAAGCTGAATCAATTAATTGGAATGTCTATCTCACTATCTATCTATGTGTCTATCTATCTATCTATCTATCTATCTATCTATCTATCTATCATCTATCATCTATCTATCTATCTATCTATCTATCTATCTATCTATCTATCATCTATCTATCTGTGTATTAGCTCAGAAGAATTCCCTTTGGAAATTGTCATGTTATCCCATTCATTCAGCTTTTGAGCCACAG",6
"1","258-b","AGACAGTCAAGAATAACTGCCCTAAAATAATAAGAAAGCTGAATCAATTAATTGGAATGTCTATCTCACTATCTATCTATGTGTCTATCTATCTATCTATCTATCTATCTATCTATCTATCTATCTATCATCTATCATCTATCTATCTATCTATCATCTATCTATCTATCTATCTATCTATCTATCTGTGTATTAGCTCAGAAGAATTCCCTTTGGAAATTGTCATGTTATCCCATTCATTCAGCTTTTGAGCCACAG",3
"1","255-a","AGACAGTCAAGAATAACTGCCCTAAAATAATAAGAAAGCTGAATCAATTAATTGGAATGTCTATCTCACTATCTATCTATGTGTCTATCTATCTATCTATCTATCTATCTATCTATCTATCTATCTATCATCTATCATCTATCTATCTATCTATCTATCTATCTATCTATCTATCTATCTATCTGTGTATTAGCTCAGAAGAATTCCCTTTGGAAATTGTCATGTTATCCCATTCATTCAGCTTTTGAGCCACAG",40
"1","254-a","AGACAGTCAAGAATAACTGCCCTAAAATAATAAGAAAGCTGAATCAATTAATTGGAATGTCTATCTCACTATCTATCTATGTGTCTATCTATCTATCTATCTATCATCTATCATCTATCTATCATCTATCTATCTATCTATCTATCTATCTATCTATCTATCTATCTATCTATCTATCTATCTGTGTATTAGCTCAGAAGAATTCCCTTTGGAAATTGTCATGTTATCCCATTCATTCAGCTTTTGAGCCACAG",27
"1","251-a","AGACAGTCAAGAATAACTGCCCTAAAATAATAAGAAAGCTGAATCAATTAATTGGAATGTCTATCTCACTATCTATCTATGTGTCTATCTATCTATCTATCTATCTATCTATCTATCTATCTATCTATCATCTATCATCTATCTATCTATCTATCTATCTATCTATCTATCTATCTATCTGTGTATTAGCTCAGAAGAATTCCCTTTGGAAATTGTCATGTTATCCCATTCATTCAGCTTTTGAGCCACAG",4
"1","250-a","AGACAGTCAAGAATAACTGCCCTAAAATAATAAGAAAGCTGAATCAATTAATTGGAATGTCTATCTCACTATCTATCTATGTGTCTATCTATCTATCTATCTATCATCTATCATCTATCTATCATCTATCTATCTATCTATCTATCTATCTATCTATCTATCTATCTATCTATCTATCTGTGTATTAGCTCAGAAGAATTCCCTTTGGAAATTGTCATGTTATCCCATTCATTCAGCTTTTGAGCCACAG",2
"1","247-a","AGACAGTCAAGAATAACTGCCCTAAAATAATAAGAAAGCTGAATCAATTAATTGGAATGTCTATCTCACTATCTATCTATGTGTCTATCTATCTATCTATCTATCTATCTATCTATCTATCATCTATCATCTATCTATCTATCTATCTATCTATCTATCTATCTATCTATCTATCTGTGTATTAGCTCAGAAGAATTCCCTTTGGAAATTGTCATGTTATCCCATTCATTCAGCTTTTGAGCCACAG",25
"1","247-b","AGACAGTCAAGAATAACTGCCCTAAAATAATAAGAAAGCTGAATCAATTAATTGGAATGTCTATCTCACTATCTATCTATGTGTCTATCTATCTATCTATCTATCTATCTATCTATCTATCTATCTATCATCTATCATCTATCTATCTATCTATCTATCTATCTATCTATCTATCTGTGTATTAGCTCAGAAGAATTCCCTTTGGAAATTGTCATGTTATCCCATTCATTCAGCTTTTGAGCCACAG",4
"1","246-a","AGACAGTCAAGAATAACTGCCCTAAAATAATAAGAAAGCTGAATCAATTAATTGGAATGTCTATCTCACTATCTATCTATGTGTCTATCTATCTATCTATCTATCATCTATCATCTATCTATCATCTATCTATCTATCTATCTATCTATCTATCTATCTATCTATCTATCTATCTGTGTATTAGCTCAGAAGAATTCCCTTTGGAAATTGTCATGTTATCCCATTCATTCAGCTTTTGAGCCACAG",10
"1","242-a","AGACAGTCAAGAATAACTGCCCTAAAATAATAAGAAAGCTGAATCAATTAATTGGAATGTCTATCTCACTATCTATCTATGTGTCTATCTATCTATCTATCTATCATCTATCATCTATCTATCATCTATCTATCTATCTATCTATCTATCTATCTATCTATCTATCTATCTGTGTATTAGCTCAGAAGAATTCCCTTTGGAAATTGTCATGTTATCCCATTCATTCAGCTTTTGAGCCACAG",58
"1","235-a","AGACAGTCAAGAATAACTGCCCTAAAATAATAAGAAAGCTGAATCAATTAATTGGAATGTCTATCTCACTATCTATCTATGTGTCTATCTATCTATCTATCTATCATCTATCATCTATCTATCTATCTATCTATCTATCTATCTATCTATCTATCTATCTATCTGTGTATTAGCTCAGAAGAATTCCCTTTGGAAATTGTCATGTTATCCCATTCATTCAGCTTTTGAGCCACAG",1
"1","231-a","AGACAGTCAAGAATAACTGCCCTAAAATAATAAGAAAGCTGAATCAATTAATTGGAATGTCTATCTCACTATCTATCTATGTGTCTATCTATCTATCTATCTATCATCTATCATCTATCTATCTATCTATCTATCTATCTATCTATCTATCTATCTATCTGTGTATTAGCTCAGAAGAATTCCCTTTGGAAATTGTCATGTTATCCCATTCATTCAGCTTTTGAGCCACAG",6
"2","334-a","CTTTGTCTCCCCAGTTGCTACTTCACTCCATCATTTGCTTGATCGATCGAGCTATCTATCTATCTATCTATCTATCTATCTATCTATCTATCTATCTATCTATCCATCCATCCATCCATCCATCCATCTATTCATCCATCCATCTATTAATATCATCTATGTATCAAATGCTTCCAAATACATAATATACATGATACAGTCAGAAAAAGCAGAAAGTTTAAAGATTGAGTGTGATTATAGACATATCTATCTATTCAGAAACAAAATGGATTCAGAATCATTACAACTCTCACTGTGTAGTGGAATTGATTAGTTGCAGACGGTTTATGACAGA",3
"2","330-a","CTTTGTCTCCCCAGTTGCTACTTCACTCCATCATTTGCTTGATCGATCGAGCTATCTATCTATCTATCTATCTATCTATCTATCTATCTATCTATCTATCTATCCATCCATCCATCCATCCATCTATTCATCCATCCATCTATTAATATCATCTATGTATCAAATGCTTCCAAATACATAATATACATGATACAGTCAGAAAAAGCAGAAAGTTTAAAGATTGAGTGTGATTATAGACATATCTATCTATTCAGAAACAAAATGGATTCAGAATCATTACAACTCTCACTGTGTAGTGGAATTGATTAGTTGCAGACGGTTTATGACAGA",7
"2","326-a","CTTTGTCTCCCCAGTTGCTACTTCACTCCATCATTTGCTTGATCGATCGAGCTATCTATCTATCTATCTATCTATCTATCTATCTATCTATCTATCCATCCATCCATCCATCCATCCATCTATTCATCCATCCATCTATTAATATCATCTATGTATCAAATGCTTCCAAATACATAATATACATGATACAGTCAGAAAAAGCAGAAAGTTTAAAGATTGAGTGTGATTATAGACATATCTATCTATTCAGAAACAAAATGGATTCAGAATCATTACAACTCTCACTGTGTAGTGGAATTGATTAGTTGCAGACGGTTTATGACAGA",12
"2","326-b","CTTTGTCTCCCCAGTTGCTACTTCACTCCATCATTTGCTTGATCGATCGAGCTATCTATCTATCTATCTATCTATCTATCTATCTATCTATCTATCTATCCATCCATCCATCCATCCATCTATTCATCCATCCATCTATTAATATCATCTATGTATCAAATGCTTCCAAATACATAATATACATGATACAGTCAGAAAAAGCAGAAAGTTTAAAGATTGAGTGTGATTATAGACATATCTATCTATTCAGAAACAAAATGGATTCAGAATCATTACAACTCTCACTGTGTAGTGGAATTGATTAGTTGCAGACGGTTTATGACAGA",6
"2","322-a","CTTTGTCTCCCCAGTTGCTACTTCACTCCATCATTTGCTTGATCGATCGAGCTATCTATCTATCTATCTATCTATCTATCTATCTATCTATCTATCCATCCATCCATCCATCCATCTATTCATCCATCCATCTATTAATATCATCTATGTATCAAATGCTTCCAAATACATAATATACATGATACAGTCAGAAAAAGCAGAAAGTTTAAAGATTGAGTGTGATTATAGACATATCTATCTATTCAGAAACAAAATGGATTCAGAATCATTACAACTCTCACTGTGTAGTGGAATTGATTAGTTGCAGACGGTTTATGACAGA",91
"2","318-a","CTTTGTCTCCCCAGTTGCTACTTCACTCCATCATTTGCTTGATCGATCGAGCTATCTATCTATCTATCTATCTATCTATCTATCTATCTATCCATCCATCCATCCATCCATCTATTCATCCATCCATCTATTAATATCATCTATGTATCAAATGCTTCCAAATACATAATATACATGATACAGTCAGAAAAAGCAGAAAGTTTAAAGATTGAGTGTGATTATAGACATATCTATCTATTCAGAAACAAAATGGATTCAGAATCATTACAACTCTCACTGTGTAGTGGAATTGATTAGTTGCAGACGGTTTATGACAGA",41
"2","310-a","CTTTGTCTCCCCAGTTGCTACTTCACTCCATCATTTGCTTGATCGATCGAGCTATCTATCTATCTATCTATCTATCTATCTATCCATCCATCCATCCATCCATCTATTCATCCATCCATCTATTAATATCATCTATGTATCAAATGCTTCCAAATACATAATATACATGATACAGTCAGAAAAAGCAGAAAGTTTAAAGATTGAGTGTGATTATAGACATATCTATCTATTCAGAAACAAAATGGATTCAGAATCATTACAACTCTCACTGTGTAGTGGAATTGATTAGTTGCAGACGGTTTATGACAGA",22
"2","310-b","CTTTGTCTCCCCAGTTGCTACTTCACTCCATCATTTGCTTGATCGATCGAGCTATCTATCTATCTATCTATCTATCTATCTATCTATCCATCCATCCATCCATCTATTCATCCATCCATCTATTAATATCATCTATGTATCAAATGCTTCCAAATACATAATATACATGATACAGTCAGAAAAAGCAGAAAGTTTAAAGATTGAGTGTGATTATAGACATATCTATCTATTCAGAAACAAAATGGATTCAGAATCATTACAACTCTCACTGTGTAGTGGAATTGATTAGTTGCAGACGGTTTATGACAGA",1
"2","302-a","CTTTGTCTCCCCAGTTGCTACTTCACTCCATCATTTGCTTGATCGATCGAGCTATCTATCTATCTATCTATCTATCCATCCATCCATCCATCCATCTATTCATCCATCCATCTATTAATATCATCTATGTATCAAATGCTTCCAAATACATAATATACATGATACAGTCAGAAAAAGCAGAAAGTTTAAAGATTGAGTGTGATTATAGACATATCTATCTATTCAGAAACAAAATGGATTCAGAATCATTACAACTCTCACTGTGTAGTGGAATTGATTAGTTGCAGACGGTTTATGACAGA",63
"3","246-a","AGCATTAGCATTTGTCCTGGTTTTATCATATTGCAGACAAAGGAAGTTTGAAATATTGCTTAAGACTTTCCCTGAGATAGATAGACAGATAGATAGATAGATAGATAGATAGATAGATAGATAGATAGATGATAGATAGATAGATAGATAGATAGATAGATAGATATAGAGATATAGAGATATAGACATATATACTTTATGTTTCTTTGTTGTTTGTGTTTTTCAGGAGGGGGAGTCAGGTTAGTC",17
"3","246-b","AGCATTAGCATTTGTCCTGGTTTTATCATATTGCAGACAAAGGAAGTTTGAAATATTGCTTAAGACTTTCCCTGAGATAGATAGATAGATAGATAGATAGATAGATAGATAGATAGATAGATAGATAGATAGATGATAGATAGATAGATAGATAGATAGATAGATAGATAGATATAGAGATATAGACATATATACTTTATGTTTCTTTGTTGTTTGTGTTTTTCAGGAGGGGGAGTCAGGTTAGTC",7
"3","242-a","AGCATTAGCATTTGTCCTGGTTTTATCATATTGCAGACAAAGGAAGTTTGAAATATTGCTTAAGACTTTCCCTGAGATAGATAGACAGATAGATAGATAGATAGATAGATAGATAGATAGATAGATGATAGATAGATAGATAGATAGATAGATAGATAGATATAGAGATATAGAGATATAGACATATATACTTTATGTTTCTTTGTTGTTTGTGTTTTTCAGGAGGGGGAGTCAGGTTAGTC",4
"3","238-a","AGCATTAGCATTTGTCCTGGTTTTATCATATTGCAGACAAAGGAAGTTTGAAATATTGCTTAAGACTTTCCCTGAGATAGATAGATAGATAGATAGATAGATAGATAGATAGATAGATAGATAGATGATAGATAGATAGATAGATAGATAGATAGATAGATAGATATAGAGATATAGACATATATACTTTATGTTTCTTTGTTGTTTGTGTTTTTCAGGAGGGGGAGTCAGGTTAGTC",45
"3","238-b","AGCATTAGCATTTGTCCTGGTTTTATCATATTGCAGACAAAGGAAGTTTGAAATATTGCTTAAGACTTTCCCTGAGATAGATAGATAGATAGATAGATAGATAGATAGATAGATAGATGATAGATAGATAGATAGATAGATAGATAGATAGATAGATAGATAGATATAGAGATATAGACATATATACTTTATGTTTCTTTGTTGTTTGTGTTTTTCAGGAGGGGGAGTCAGGTTAGTC",3
"3","234-a","AGCATTAGCATTTGTCCTGGTTTTATCATATTGCAGACAAAGGAAGTTTGAAATATTGCTTAAGACTTTCCCTGAGATAGATAGATAGATAGATAGATAGATAGATAGATAGATAGATAGATGATAGATAGATAGATAGATAGATAGATAGATAGATAGATATAGAGATATAGACATATATACTTTATGTTTCTTTGTTGTTTGTGTTTTTCAGGAGGGGGAGTCAGGTTAGTC",80
"3","234-b","AGCATTAGCATTTGTCCTGGTTTTATCATATTGCAGACAAAGGAAGTTTGAAATATTGCTTAAGACTTTCCCTGAGATAGATAGATAGATAGATAGATAGATAGATAGATAGATAGATAGATAGATAGATGATAGATAGATAGATAGATAGATAGATAGATATAGAGATATAGACATATATACTTTATGTTTCTTTGTTGTTTGTGTTTTTCAGGAGGGGGAGTCAGGTTAGTC",25
"3","234-c","AGCATTAGCATTTGTCCTGGTTTTATCATATTGCAGACAAAGGAAGTTTGAAATATTGCTTAAGACTTTCCCTGAGATAGATAGACAGATAGATAGATAGATAGATAGATAGATAGATGATAGATAGATAGATAGATAGATAGATAGATAGATATAGAGATATAGAGATATAGACATATATACTTTATGTTTCTTTGTTGTTTGTGTTTTTCAGGAGGGGGAGTCAGGTTAGTC",10
"3","234-d","AGCATTAGCATTTGTCCTGGTTTTATCATATTGCAGACAAAGGAAGTTTGAAATATTGCTTAAGACTTTCCCTGAGATAGATAGATAGATAGATAGATAGATAGATAGATAGATAGATGATAGATAGATAGATAGATAGATAGATAGATAGATAGATAGATATAGAGATATAGACATATATACTTTATGTTTCTTTGTTGTTTGTGTTTTTCAGGAGGGGGAGTCAGGTTAGTC",4
"3","230-a","AGCATTAGCATTTGTCCTGGTTTTATCATATTGCAGACAAAGGAAGTTTGAAATATTGCTTAAGACTTTCCCTGAGATAGATAGATAGATAGATAGATAGATAGATAGATAGATAGATGATAGATAGATAGATAGATAGATAGATAGATAGATAGATATAGAGATATAGACATATATACTTTATGTTTCTTTGTTGTTTGTGTTTTTCAGGAGGGGGAGTCAGGTTAGTC",16
"3","230-b","AGCATTAGCATTTGTCCTGGTTTTATCATATTGCAGACAAAGGAAGTTTGAAATATTGCTTAAGACTTTCCCTGAGATAGATAGACAGATAGATAGATAGATAGATAGATAGATAGATGATAGATAGATAGATAGATAGATAGATAGATATAGAGATATAGAGATATAGACATATATACTTTATGTTTCTTTGTTGTTTGTGTTTTTCAGGAGGGGGAGTCAGGTTAGTC",1
"3","226-a","AGCATTAGCATTTGTCCTGGTTTTATCATATTGCAGACAAAGGAAGTTTGAAATATTGCTTAAGACTTTCCCTGAGATAGATAGATAGATAGATAGATAGATAGATAGATAGATGATAGATAGATAGATAGATAGATAGATAGATAGATAGATATAGAGATATAGACATATATACTTTATGTTTCTTTGTTGTTTGTGTTTTTCAGGAGGGGGAGTCAGGTTAGTC",21
"3","226-b","AGCATTAGCATTTGTCCTGGTTTTATCATATTGCAGACAAAGGAAGTTTGAAATATTGCTTAAGACTTTCCCTGAGATAGATAGATAGATAGATAGATAGATAGATAGATAGATAGATAGATGATAGATAGATAGATAGATAGATAGATAGATATAGAGATATAGACATATATACTTTATGTTTCTTTGTTGTTTGTGTTTTTCAGGAGGGGGAGTCAGGTTAGTC",1
"3","222-a","AGCATTAGCATTTGTCCTGGTTTTATCATATTGCAGACAAAGGAAGTTTGAAATATTGCTTAAGACTTTCCCTGAGATAGATAGATAGATAGATAGATAGATAGATAGATAGATAGATAGATGATAGATAGATAGATAGATAGATAGATATAGAGATATAGACATATATACTTTATGTTTCTTTGTTGTTTGTGTTTTTCAGGAGGGGGAGTCAGGTTAGTC",12
"4","295-a","GTGGGAAAATTGGCCTAAGTCTGGGGTTCTGACGACAGCCCCTGGCTTCTTTCTTGGCAGATAAGTGCATGATGGAACAATAGGTGAGCCACTTCATTCATTCATTCATTCATTCATTCATTCATTCATTCATTCAAACACACATCCACCCAACCCACTCTGCGATGGGATGGATCAGGGCCCCAGGACAGCCTGGTGCTGCAGACCCATCCTTCCCGATGGCTGCCGTCCAGGGCCGGGCGGGAGACACTGGGGCTGCCCACATTGATGGGTGCACAGGTGTGAGGCTCAGAAG",59
"4","294-a","GTGGGAAAATTGGCCTAAGTCTGGGGTTCTGACGACAGCCCCTGGCTTCTTTCTTGGCAGATAAGTGCATGATGGAACAATAGGTGAGCCACTTCATTCATTCATTCATTCATTCATTCATTCATTCATTCATTCAACACACATCCACCCAACCCACTCTGCGATGGGATGGATCAGGGCCCCAGGACAGCCTGGTGCTGCAGACCCATCCTTCCCGATGGCTGCCGTCCAGGGCCGGGCGGGAGACACTGGGGCTGCCCACATTGATGGGTGCACAGGTGTGAGGCTCAGAAG",37
"4","286-a","GTGGGAAAATTGGCCTAAGTCTGGGGTTCTGACGACAGCCCCTGGCTTCTTTCTTGGCAGATAAGTGCATGATGGAACAATAGGTGAGCCACTTCATTCATTCATTCATTCATTCATTCATTCATTCAACACACATCCACCCAACCCACTCTGCGATGGGATGGATCAGGGCCCCAGGACAGCCTGGTGCTGCAGACCCATCCTTCCCGATGGCTGCCGTCCAGGGCCGGGCGGGAGACACTGGGGCTGCCCACATTGATGGGTGCACAGGTGTGAGGCTCAGAAG",60
"4","282-a","GTGGGAAAATTGGCCTAAGTCTGGGGTTCTGACGACAGCCCCTGGCTTCTTTCTTGGCAGATAAGTGCATGATGGAACAATAGGTGAGCCACTTCATTCATTCATTCATTCATTCATTCATTCAACACACATCCACCCAACCCACTCTGCGATGGGATGGATCAGGGCCCCAGGACAGCCTGGTGCTGCAGACCCATCCTTCCCGATGGCTGCCGTCCAGGGCCGGGCGGGAGACACTGGGGCTGCCCACATTGATGGGTGCACAGGTGTGAGGCTCAGAAG",11
"4","278-a","GTGGGAAAATTGGCCTAAGTCTGGGGTTCTGACGACAGCCCCTGGCTTCTTTCTTGGCAGATAAGTGCATGATGGAACAATAGGTGAGCCACTTCATTCATTCATTCATTCATTCATTCAACACACATCCACCCAACCCACTCTGCGATGGGATGGATCAGGGCCCCAGGACAGCCTGGTGCTGCAGACCCATCCTTCCCGATGGCTGCCGTCCAGGGCCGGGCGGGAGACACTGGGGCTGCCCACATTGATGGGTGCACAGGTGTGAGGCTCAGAAG",56
"4","270-a","GTGGGAAAATTGGCCTAAGTCTGGGGTTCTGACGACAGCCCCTGGCTTCTTTCTTGGCAGATAAGTGCATGATGGAACAATAGGTGAGCCACTTCATTCATTCATTCATTCAACACACATCCACCCAACCCACTCTGCGATGGGATGGATCAGGGCCCCAGGACAGCCTGGTGCTGCAGACCCATCCTTCCCGATGGCTGCCGTCCAGGGCCGGGCGGGAGACACTGGGGCTGCCCACATTGATGGGTGCACAGGTGTGAGGCTCAGAAG",23
"B","219-a","TCAGTCTCTCTTTCTCCTTGCAGATAGATGATAAATAGATAGATATAGATAGATACATGATAGATTAGATAGATAGATATAGATGATAGATAGATAGACGATAGATAGATAGATAGATAAACGGATAGATAGATGGGTAGACAGACAGATCTCCATTTACATCTTTTATCTCTCCTCTCTTCCTAATACAATTCACACCAACAGGACCACAGGCTCCTA",NA
"C","177-a","GAGAACAGACCCCCAAATCTCTGCAGGACAACTCATAAGAGTGGCTTTCAATATTTTTTCGTCATGACTAAGAGTAAGAAATACCATTTTTCATCATGTCCCAGGAGATAGATAGATAGATAGATAGATAGATAGATAGATAGATAGATCTGTGCATGCACATAGTAAAACTGAAAT",NA
"C","193-b","GAGAACAGACCCCCAAATCTCTGCAGGACAACTCATAAGAGTGGCTTTCAATATTTTTTCGTCATGACTAAGAGTAAGAAATACCATTTTTCATCATGTCCCAGGAGATAAATAGATAGATAGATAGATAGATAGATAGATAGATAGATAGATAGATAGATAGATCTGTGCATGCACATAGTAAAACTGAAAT",NA
"D","289-a","TCAGAGGACCACTGCCTAAGGAATTCACTCACGGAGCATACATATATAAGTATATGCTCTATCTCTATCTATCATTATCTATCTACCTGCCTACCTATCTATTGATTATCTATATCTATCTGTCTATCTATCTATCTATTATCTATCTATCTATCTATCTATCTATCTATCTATCTATCTATCTTTAAGATGGCTTAAGGATGGCCACCTTCTTGCTATGTCCTTGTGTGGCTGTGAAAAGAAGCTCTGGTGTTTCTTGCTCTTCTTATATAGGCACAAATCCCATCAG",NA
"D","296-a","TCAGAGGACCACTGCCTAAGGAATTCACTCACGGAGCATACATATATAAGTATATGCTCTATCTCTATCTATCATTATCTATCTACCTGCCTACCTATCTATTGATTATCTATATCTATCTGTCTATCTATCTATCTATCATCTATCTATCTATCTATCTATCTATCTATCATCTATCTATCTATCTATCTTTAAGATGGCTTAAGGATGGCCACCTTCTTGCTATGTCCTTGTGTGGCTGTGAAAAGAAGCTCTGGTGTTTCTTGCTCTTCTTATATAGGCACAAATCCCATCAG",NA
"1","255-b","AGACAGTCAAGAATAACTGCCCTAAAATAATAAGAAAGCTGAATCAATTAATTGGAATGTCTATCTCACTATCTATCTATGTGTCTATCTATCTATCTATCTATCTATCTATCTATCTATCTATCTATCTATCATCTATCATCTATCTATCTATCTATCTATCTATCTATCTATCTATCTATCTGTGTATTAGCTCAGAAGAATTCCCTTTGGAAATTGTCATGTTATCCCATTCATTCAGCTTTTGAGCCACAG",NA
"1","262-a","AGACAGTCAAGAATAACTGCCCTAAAATAATAAGAAAGCTGAATCAATTAATTGGAATGTCTATCTCACTATCTATCTATGTGTCTATCTATCTATCTATCTATCTATCTATCTATCTATCTATCTATCATCTATCATCTATCTATCTATCTATCTATCTATCTATCTATCTATCTATCATCTATCTATCTGTGTATTAGCTCAGAAGAATTCCCTTTGGAAATTGTCATGTTATCCCATTCATTCAGCTTTTGAGCCACAG",NA
"2","330-b","CTTTGTCTCCCCAGTTGCTACTTCACTCCATCATTTGCTTGATCGATCGAGCTATCTATCTATCTATCTATCTATCTATCTATCTATCTATCTATCTATCCATCCATCCATCCATCCATCCATCTATTCATCCATCCATCTATTAATATCATCTATGTATCAAATGCTTCCAAATACATAATATACATGATACAGTCAGAAAAAGCAGAAAGTTTAAAGATTGAGTGTGATTATAGACATATCTATCTATTCAGAAACAAAATGGATTCAGAATCATTACAACTCTCACTGTGTAGTGGAATTGATTAGTTGCAGACGGTTTATGACAGA",NA
"2","338-a","CTTTGTCTCCCCAGTTGCTACTTCACTCCATCATTTGCTTGATCGATCGAGCTATCTATCTATCTATCTATCTATCTATCTATCTATCTATCTATCTATCTATCTATCCATCCATCCATCCATCCATCCATCTATTCATCCATCCATCTATTAATATCATCTATGTATCAAATGCTTCCAAATACATAATATACATGATACAGTCAGAAAAAGCAGAAAGTTTAAAGATTGAGTGTGATTATAGACATATCTATCTATTCAGAAACAAAATGGATTCAGAATCATTACAACTCTCACTGTGTAGTGGAATTGATTAGTTGCAGACGGTTTATGACAGA",NA
"3","222-c","AGCATTAGCATTTGTCCTGGTTTTATCATATTGCAGACAAAGGAAGTTTGAAATATTGCTTAAGACTTTCCCTGAGATAGATAGATAGATAGATAGATAGATAGATAGATAGATAGATAGATGATAGATAGATAGATAGATAGATAGATATAGAGATATAGACATATATACTTTATGTTTTTTTGTTGTTTGTGTTTTTCAGGAGGGGGAGTCAGGTTAGTC",NA
"3","226-c","AGCATTAGCATTTGTCCTGGTTTTATCATATTGCAGACAAAGGAAGTTTGAAATATTGCTTAAGACTTTCCCTGAGATAGATAGATAGATAGATAGATAGATAGATAGATAGATAGATGATAGATAGATAGATAGATAGATAGATAGATAGATATAGAGATATAGACATATATACTTTATGTTTCTTTGTTGTTTGTGTTTTTCAGGAGGGGGAGTCAGGTTAGTC",NA
